# x,phi(x) after t=1.0 with limiter=superbee
0.000000000000000000e+00,2.292271914437825248e-33
5.000000000000000104e-03,2.975618514359908411e-33
1.000000000000000021e-02,3.831484510208202110e-33
1.499999999999999944e-02,4.894179151326632306e-33
2.000000000000000042e-02,6.202421533923314117e-33
2.500000000000000139e-02,7.799356109278067338e-33
2.999999999999999889e-02,9.732456865987979473e-33
3.500000000000000333e-02,1.205335669770244746e-32
4.000000000000000083e-02,1.481772310685913531e-32
4.499999999999999833e-02,1.808543865869130023e-32
5.000000000000000278e-02,2.192148153591721621e-32
5.500000000000000028e-02,2.639784871754396182e-32
5.999999999999999778e-02,3.159625879234349825e-32
6.500000000000000222e-02,3.761034176548247011e-32
7.000000000000000666e-02,4.454647135706289095e-32
7.499999999999999722e-02,5.252901021742541724e-32
8.000000000000000167e-02,6.171824039207815827e-32
8.500000000000000611e-02,7.236011788805656318e-32
8.999999999999999667e-02,8.473928632613604036e-32
9.500000000000000111e-02,9.943442352959227447e-32
1.000000000000000056e-01,1.155319072529319177e-31
1.049999999999999961e-01,1.387767398965684414e-31
1.100000000000000006e-01,9.412208495486854786e-31
1.150000000000000050e-01,3.265930029646651427e-29
1.199999999999999956e-01,1.277014508103015121e-27
1.250000000000000000e-01,5.013232946387713092e-26
1.300000000000000044e-01,1.969419081561901939e-24
1.350000000000000089e-01,7.737425198946926113e-23
1.400000000000000133e-01,3.041049606783947470e-21
1.449999999999999900e-01,1.194670639047030944e-19
1.499999999999999944e-01,4.697555335700682625e-18
1.549999999999999989e-01,1.844161051940399213e-16
1.600000000000000033e-01,7.260589239550218383e-15
1.650000000000000078e-01,2.843975092027678153e-13
1.700000000000000122e-01,1.124168808752038915e-11
1.750000000000000167e-01,4.372097064920374336e-10
1.799999999999999933e-01,1.750175998817903955e-08
1.849999999999999978e-01,6.653827345800319209e-07
1.900000000000000022e-01,2.771754833194155785e-05
1.950000000000000067e-01,9.794050671124972327e-04
2.000000000000000111e-01,4.618036085863796297e-02
2.050000000000000155e-01,6.612530439545477590e-01
2.099999999999999922e-01,9.999999996878204955e-01
2.149999999999999967e-01,1.000000000000000000e+00
2.200000000000000011e-01,1.000000000000000000e+00
2.250000000000000056e-01,1.000000000000000000e+00
2.300000000000000100e-01,1.000000000000000000e+00
2.350000000000000144e-01,1.000000000000000000e+00
2.399999999999999911e-01,1.000000000000000000e+00
2.449999999999999956e-01,1.000000000000000000e+00
2.500000000000000000e-01,1.000000000000000000e+00
2.550000000000000044e-01,1.000000000000000000e+00
2.600000000000000089e-01,1.000000000000000000e+00
2.650000000000000133e-01,1.000000000000000000e+00
2.700000000000000178e-01,1.000000000000000000e+00
2.750000000000000222e-01,1.000000000000000000e+00
2.800000000000000266e-01,1.000000000000000000e+00
2.850000000000000311e-01,1.000000000000000000e+00
2.899999999999999800e-01,1.000000000000000000e+00
2.949999999999999845e-01,1.000000000000000000e+00
2.999999999999999889e-01,1.000000000000000000e+00
3.049999999999999933e-01,1.000000000000000000e+00
3.099999999999999978e-01,1.000000000000000000e+00
3.150000000000000022e-01,1.000000000000000000e+00
3.200000000000000067e-01,1.000000000000000000e+00
3.250000000000000111e-01,1.000000000000000000e+00
3.300000000000000155e-01,1.000000000000000000e+00
3.350000000000000200e-01,1.000000000000000000e+00
3.400000000000000244e-01,1.000000000000000000e+00
3.450000000000000289e-01,1.000000000000000000e+00
3.500000000000000333e-01,1.000000000000000000e+00
3.549999999999999822e-01,1.000000000000000000e+00
3.599999999999999867e-01,9.999999999999998890e-01
3.649999999999999911e-01,9.999999999999926725e-01
3.699999999999999956e-01,9.999999999997124522e-01
3.750000000000000000e-01,9.999999999886219904e-01
3.800000000000000044e-01,9.999999995576025480e-01
3.850000000000000089e-01,9.999999822817733364e-01
3.900000000000000133e-01,9.999993269914347893e-01
3.950000000000000178e-01,9.999719210840505301e-01
4.000000000000000222e-01,9.990107124696064878e-01
4.050000000000000266e-01,9.531289013785706477e-01
4.100000000000000311e-01,3.354142353255591402e-01
4.150000000000000355e-01,2.656314235992455587e-10
4.199999999999999845e-01,2.131276522122181010e-79
4.249999999999999889e-01,1.335140567732105804e-78
4.299999999999999933e-01,8.134355510017224851e-78
4.349999999999999978e-01,4.837770958835272026e-77
4.400000000000000022e-01,2.810261301852393227e-76
4.450000000000000067e-01,1.595205740253192453e-75
4.500000000000000111e-01,8.851884027903139967e-75
4.550000000000000155e-01,4.803710507439940507e-74
4.600000000000000200e-01,2.550388014431439170e-73
4.650000000000000244e-01,1.325207074283788779e-72
4.700000000000000289e-01,6.741598612238026300e-72
4.750000000000000333e-01,3.358856869020235608e-71
4.799999999999999822e-01,1.639501683729816699e-70
4.849999999999999867e-01,7.842618473606606770e-70
4.899999999999999911e-01,3.677657648711530794e-69
4.949999999999999956e-01,1.691102501926917252e-68
5.000000000000000000e-01,7.627460164614808947e-68
5.050000000000000044e-01,3.375359598150074384e-67
5.100000000000000089e-01,1.465901789586233646e-66
5.150000000000000133e-01,6.249499061953160573e-66
5.200000000000000178e-01,2.616062603261971919e-65
5.250000000000000222e-01,1.075516849272269966e-64
5.300000000000000266e-01,4.343628456604185723e-64
5.350000000000000311e-01,1.723659500790249885e-63
5.400000000000000355e-01,6.722140134264228778e-63
5.450000000000000400e-01,2.576985081811983327e-62
5.500000000000000444e-01,9.712984069087845669e-62
5.550000000000000488e-01,3.600106585194597207e-61
5.600000000000000533e-01,1.312450270817905764e-60
5.650000000000000577e-01,4.706906917694491738e-60
5.700000000000000622e-01,1.660931398245369413e-59
5.750000000000000666e-01,5.767756622161490814e-59
5.799999999999999600e-01,1.971400899222938450e-58
5.849999999999999645e-01,6.633264809562385881e-58
5.899999999999999689e-01,2.197524165249979511e-57
5.949999999999999734e-01,7.169049734863863706e-57
5.999999999999999778e-01,2.303440394895118377e-56
6.049999999999999822e-01,7.290274914027277829e-56
6.099999999999999867e-01,2.273132678372278827e-55
6.149999999999999911e-01,6.983617098061380307e-55
6.199999999999999956e-01,2.114316837810738586e-54
6.250000000000000000e-01,6.308869070887640612e-54
6.300000000000000044e-01,1.855586161660691199e-53
6.350000000000000089e-01,5.380391909072567153e-53
6.400000000000000133e-01,1.538167333670713555e-52
6.450000000000000178e-01,4.336133165358686716e-52
6.500000000000000222e-01,1.205486268626608548e-51
6.550000000000000266e-01,3.305465944920488195e-51
6.600000000000000311e-01,8.940522676942332747e-51
6.650000000000000355e-01,2.385618128927482977e-50
6.700000000000000400e-01,6.280492905813077714e-50
6.750000000000000444e-01,1.631501014070813937e-49
6.800000000000000488e-01,4.182412785074218875e-49
6.850000000000000533e-01,1.058172806834530845e-48
6.900000000000000577e-01,2.642529514259377438e-48
6.950000000000000622e-01,6.514172062198923813e-48
7.000000000000000666e-01,1.585318561747531945e-47
7.049999999999999600e-01,3.809192107969964910e-47
7.099999999999999645e-01,9.037505717569290060e-47
7.149999999999999689e-01,2.117402208085151318e-46
7.199999999999999734e-01,4.899324984388109192e-46
7.249999999999999778e-01,1.119658725306916082e-45
7.299999999999999822e-01,2.527490056816538755e-45
7.349999999999999867e-01,5.636180275839403873e-45
7.399999999999999911e-01,1.241677053101178130e-44
7.449999999999999956e-01,2.702694786891816429e-44
7.500000000000000000e-01,5.812803459830927763e-44
7.550000000000000044e-01,1.235406286308649959e-43
7.600000000000000089e-01,2.594802486851089294e-43
7.650000000000000133e-01,5.386460820296426057e-43
7.700000000000000178e-01,1.105201256042894760e-42
7.750000000000000222e-01,2.241565718203631705e-42
7.800000000000000266e-01,4.494351482521589677e-42
7.850000000000000311e-01,8.908834768462622817e-42
7.900000000000000355e-01,1.746005552331787218e-41
7.950000000000000400e-01,3.383556278314740278e-41
8.000000000000000444e-01,6.483898178869264113e-41
8.050000000000000488e-01,1.228755915962854657e-40
8.100000000000000533e-01,2.302995618069943455e-40
8.150000000000000577e-01,4.269232614706496337e-40
8.200000000000000622e-01,7.828286039973659132e-40
8.250000000000000666e-01,1.419954592849842577e-39
8.300000000000000711e-01,2.548025035124867646e-39
8.349999999999999645e-01,4.523606136147641152e-39
8.399999999999999689e-01,7.945989558766701646e-39
8.449999999999999734e-01,1.381094623194151908e-38
8.499999999999999778e-01,2.375424000495642045e-38
8.549999999999999822e-01,4.043254187010996226e-38
8.599999999999999867e-01,6.811190451928187455e-38
8.649999999999999911e-01,1.135656291891342372e-37
8.699999999999999956e-01,1.874271592260020118e-37
8.750000000000000000e-01,3.062031678442712861e-37
8.800000000000000044e-01,4.952314676045525783e-37
8.850000000000000089e-01,7.929724314708029379e-37
8.900000000000000133e-01,1.257156189381181138e-36
8.950000000000000178e-01,1.973475682421103713e-36
9.000000000000000222e-01,3.067721659152168377e-36
9.050000000000000266e-01,4.722502187497874357e-36
9.100000000000000311e-01,7.199975809024954431e-36
9.150000000000000355e-01,1.087234963085968314e-35
9.200000000000000400e-01,1.626224149704353997e-35
9.250000000000000444e-01,2.409536198215603527e-35
9.300000000000000488e-01,3.536831202870687015e-35
9.350000000000000533e-01,5.143458097707290889e-35
9.400000000000000577e-01,7.411202318353718871e-35
9.450000000000000622e-01,1.058151359771221515e-34
9.500000000000000666e-01,1.497152967704448055e-34
9.550000000000000711e-01,2.099316783571232634e-34
9.599999999999999645e-01,2.917547858012999543e-34
9.649999999999999689e-01,4.019033910018767876e-34
9.699999999999999734e-01,5.488140434961122158e-34
9.749999999999999778e-01,7.429602953201594807e-34
9.799999999999999822e-01,9.971963154115831341e-34
9.849999999999999867e-01,1.327116749689030588e-33
9.899999999999999911e-01,1.751421620088489490e-33
9.949999999999999956e-01,2.292271914437825248e-33
1.000000000000000000e+00,2.975618514359908411e-33
