# x,phi(x) after t=1.0 with limiter=minmod
0.000000000000000000e+00,2.209952069052149359e-21
5.000000000000000104e-03,6.493025169409871240e-21
1.000000000000000021e-02,2.304906385846382352e-20
1.499999999999999944e-02,8.235362343550387665e-20
2.000000000000000042e-02,2.916799509811029286e-19
2.500000000000000139e-02,1.023020778266181757e-18
2.999999999999999889e-02,3.553402345082300811e-18
3.500000000000000333e-02,1.222517744844350526e-17
4.000000000000000083e-02,4.166725880706650744e-17
4.499999999999999833e-02,1.407178642814711343e-16
5.000000000000000278e-02,4.709897937882437055e-16
5.500000000000000028e-02,1.562728318257413519e-15
5.999999999999999778e-02,5.141333963288707808e-15
6.500000000000000222e-02,1.677677186976967265e-14
7.000000000000000666e-02,5.431386996578841675e-14
7.499999999999999722e-02,1.745107475535803040e-13
8.000000000000000167e-02,5.566623167049652677e-13
8.500000000000000611e-02,1.763511960483233043e-12
8.999999999999999667e-02,5.550725604205857988e-12
9.500000000000000111e-02,1.736528420170313146e-11
1.000000000000000056e-01,5.402038398128423082e-11
1.049999999999999961e-01,1.671724431965572657e-10
1.100000000000000006e-01,5.148638356802039982e-10
1.150000000000000050e-01,1.578802737770565827e-09
1.199999999999999956e-01,4.822258568725087503e-09
1.250000000000000000e-01,1.467659337077100140e-08
1.300000000000000044e-01,4.452417316521124295e-08
1.350000000000000089e-01,1.346725065748135903e-07
1.400000000000000133e-01,4.062207030129594482e-07
1.449999999999999900e-01,1.222103314411979113e-06
1.499999999999999944e-01,3.667472385386394963e-06
1.549999999999999989e-01,1.097986032254650096e-05
1.600000000000000033e-01,3.280103692727845497e-05
1.650000000000000078e-01,9.780973335165866729e-05
1.700000000000000122e-01,2.912638290313882363e-04
1.750000000000000167e-01,8.666891797021573658e-04
1.799999999999999933e-01,2.578693749527338590e-03
1.849999999999999978e-01,7.676813877144518690e-03
1.900000000000000022e-01,2.287531297706062519e-02
1.950000000000000067e-01,6.828667550201117376e-02
2.000000000000000111e-01,2.036329311296746214e-01
2.050000000000000155e-01,5.798876839473805500e-01
2.099999999999999922e-01,8.859062165341582418e-01
2.149999999999999967e-01,9.695513854880364324e-01
2.200000000000000011e-01,9.918680202822851566e-01
2.250000000000000056e-01,9.978249895862288943e-01
2.300000000000000100e-01,9.994179167494002813e-01
2.350000000000000144e-01,9.998441213355623303e-01
2.399999999999999911e-01,9.999582419059488414e-01
2.449999999999999956e-01,9.999888131398939617e-01
2.500000000000000000e-01,9.999970040277279537e-01
2.550000000000000044e-01,9.999991981895490767e-01
2.600000000000000089e-01,9.999997856410960395e-01
2.650000000000000133e-01,9.999999427724790557e-01
2.700000000000000178e-01,9.999999847318115087e-01
2.750000000000000222e-01,9.999999958962060287e-01
2.800000000000000266e-01,9.999999988391848893e-01
2.850000000000000311e-01,9.999999995943198439e-01
2.899999999999999800e-01,9.999999997733015622e-01
2.949999999999999845e-01,9.999999998061034345e-01
2.999999999999999889e-01,9.999999998076306573e-01
3.049999999999999933e-01,9.999999997922892625e-01
3.099999999999999978e-01,9.999999997098922844e-01
3.150000000000000022e-01,9.999999994027536365e-01
3.200000000000000067e-01,9.999999983949858784e-01
3.250000000000000111e-01,9.999999952480659315e-01
3.300000000000000155e-01,9.999999856273066312e-01
3.350000000000000200e-01,9.999999564986175038e-01
3.400000000000000244e-01,9.999998687499409566e-01
3.450000000000000289e-01,9.999996052075917907e-01
3.500000000000000333e-01,9.999988152554917242e-01
3.549999999999999822e-01,9.999964505497027645e-01
3.599999999999999867e-01,9.999893776934496437e-01
3.649999999999999911e-01,9.999682317475292459e-01
3.699999999999999956e-01,9.999050181026970519e-01
3.750000000000000000e-01,9.997160248561111073e-01
3.800000000000000044e-01,9.991508288531466553e-01
3.850000000000000089e-01,9.974600069905753541e-01
3.900000000000000133e-01,9.923998165360805590e-01
3.950000000000000178e-01,9.772535994448968699e-01
4.000000000000000222e-01,9.318685368136390146e-01
4.050000000000000266e-01,7.963810906259831679e-01
4.100000000000000311e-01,4.196149703298096001e-01
4.150000000000000355e-01,1.138054352417852688e-01
4.199999999999999845e-01,3.032796039813867583e-02
4.249999999999999889e-01,8.081812190007326563e-03
4.299999999999999933e-01,2.155380177240851479e-03
4.349999999999999978e-01,5.748374186042505725e-04
4.400000000000000022e-01,1.533491068470879790e-04
4.450000000000000067e-01,4.091995630551016177e-05
4.500000000000000111e-01,1.092236874315080536e-05
4.550000000000000155e-01,2.916263953747603067e-06
4.600000000000000200e-01,7.788482950794614563e-07
4.650000000000000244e-01,2.080500988426964810e-07
4.700000000000000289e-01,5.558128129125226579e-08
4.750000000000000333e-01,1.484822920138077152e-08
4.799999999999999822e-01,3.965796491002501929e-09
4.849999999999999867e-01,1.058781215866522638e-09
4.899999999999999911e-01,2.824888535144194373e-10
4.949999999999999956e-01,7.530202875015608275e-11
5.000000000000000000e-01,2.004969537233280523e-11
5.050000000000000044e-01,5.330731620874881764e-12
5.100000000000000089e-01,1.414895273036318521e-12
5.150000000000000133e-01,3.748002484994412779e-13
5.200000000000000178e-01,9.905869390764692225e-14
5.250000000000000222e-01,2.611444080584666848e-14
5.300000000000000266e-01,6.865012144189766003e-15
5.350000000000000311e-01,1.799077031834092317e-15
5.400000000000000355e-01,4.698721022408779251e-16
5.450000000000000400e-01,1.222651855976794709e-16
5.500000000000000444e-01,3.168761871385589757e-17
5.550000000000000488e-01,8.177295560890494140e-18
5.600000000000000533e-01,2.100549456527860202e-18
5.650000000000000577e-01,5.369455927014737072e-19
5.700000000000000622e-01,1.365447862096611996e-19
5.750000000000000666e-01,3.453377586132066017e-20
5.799999999999999600e-01,8.683963673691879378e-21
5.849999999999999645e-01,2.170615127440091820e-21
5.899999999999999689e-01,5.391754107517622752e-22
5.949999999999999734e-01,1.330630047173755953e-22
5.999999999999999778e-01,3.261883398812222067e-23
6.049999999999999822e-01,7.940970976449034948e-24
6.099999999999999867e-01,1.919504847616725399e-24
6.149999999999999911e-01,4.606139348049688112e-25
6.199999999999999956e-01,1.097091711304856445e-25
6.250000000000000000e-01,2.593128655537728741e-26
6.300000000000000044e-01,6.080960554673918911e-27
6.350000000000000089e-01,1.414179419202269282e-27
6.400000000000000133e-01,3.262246880067923025e-28
6.450000000000000178e-01,7.486140481128113225e-29
6.500000000000000222e-01,1.785138474496503761e-29
6.550000000000000266e-01,5.490811957086151689e-30
6.600000000000000311e-01,3.649722549190119344e-30
6.650000000000000355e-01,2.868063430943505272e-30
6.700000000000000400e-01,2.285399782470280878e-30
6.750000000000000444e-01,1.800596894043478916e-30
6.800000000000000488e-01,1.405529836485172136e-30
6.850000000000000533e-01,1.085570674937290882e-30
6.900000000000000577e-01,8.296262566700567812e-31
6.950000000000000622e-01,6.275057654418655591e-31
7.000000000000000666e-01,4.698058394360701306e-31
7.049999999999999600e-01,3.481836033028858945e-31
7.099999999999999645e-01,2.554460293847203426e-31
7.149999999999999689e-01,1.855257378979924659e-31
7.199999999999999734e-01,1.333952585911573848e-31
7.249999999999999778e-01,9.495707425582641275e-32
7.299999999999999822e-01,6.692454679859064446e-32
7.349999999999999867e-01,4.670195736225991926e-32
7.399999999999999911e-01,3.226975552339605879e-32
7.449999999999999956e-01,2.207929927024689295e-32
7.500000000000000000e-01,1.495962512426169550e-32
7.550000000000000044e-01,1.003733023330275485e-32
7.600000000000000089e-01,6.669536181774939069e-33
7.650000000000000133e-01,4.389126920865503686e-33
7.700000000000000178e-01,2.860977952614373327e-33
7.750000000000000222e-01,1.847668263031584398e-33
7.800000000000000266e-01,1.183127320615793786e-33
7.850000000000000311e-01,7.527559231832330601e-34
7.900000000000000355e-01,4.787215250732490458e-34
7.950000000000000400e-01,3.093287555339165433e-34
8.000000000000000444e-01,2.115794031210197821e-34
8.050000000000000488e-01,1.662488746034655996e-34
8.100000000000000533e-01,1.650119031409670162e-34
8.150000000000000577e-01,2.093489776280375455e-34
8.200000000000000622e-01,3.111605616073894275e-34
8.250000000000000666e-01,4.952148697453134152e-34
8.300000000000000711e-01,8.037634325854265770e-34
8.349999999999999645e-01,1.303882233814733704e-33
8.399999999999999689e-01,2.098336894802919197e-33
8.449999999999999734e-01,3.341024250503364524e-33
8.499999999999999778e-01,5.258294791929031489e-33
8.549999999999999822e-01,8.177673747699202812e-33
8.599999999999999867e-01,1.256558924652649010e-32
8.649999999999999911e-01,1.907553208924251569e-32
8.699999999999999956e-01,2.860724627969061572e-32
8.750000000000000000e-01,4.237557671358045698e-32
8.800000000000000044e-01,6.198488304075909654e-32
8.850000000000000089e-01,8.951832344729762184e-32
8.900000000000000133e-01,1.276938939745237534e-31
8.950000000000000178e-01,1.799736653313347722e-31
9.000000000000000222e-01,2.511134885105987451e-31
9.050000000000000266e-01,3.468748575187255965e-31
9.100000000000000311e-01,4.638652988036691874e-31
9.150000000000000355e-01,7.480420641357252329e-31
9.200000000000000400e-01,2.371280349969791863e-30
9.250000000000000444e-01,9.675579444861240726e-30
9.300000000000000488e-01,4.101753638867220315e-29
9.350000000000000533e-01,1.724274430964010070e-28
9.400000000000000577e-01,7.164798065005079224e-28
9.450000000000000622e-01,2.943333922526385296e-27
9.500000000000000666e-01,1.195699568834660919e-26
9.550000000000000711e-01,4.804021998543479002e-26
9.599999999999999645e-01,1.909072389563935321e-25
9.649999999999999689e-01,7.504169933391876151e-25
9.699999999999999734e-01,2.917922057935170356e-24
9.749999999999999778e-01,1.122443550130545441e-23
9.799999999999999822e-01,4.271752718984030500e-23
9.849999999999999867e-01,1.608539848141009411e-22
9.899999999999999911e-01,5.993461425288733664e-22
9.949999999999999956e-01,2.209952069052149359e-21
1.000000000000000000e+00,6.493025169409871240e-21
